numero,nome
1, Amazon
1, Amazon
1, Amazon
1, Amazon
1, deezer)
1, deezer)
1, deezer)
1, deezer)
2, Amazon
2, Amazon
2, Amazon
2, Amazon
2, Amazon
2, Amazon
2, Amazon
2, Amazon
2, Amazon
2, deezer)
2, deezer)
2, deezer)
2, deezer)
2, deezer)
2, deezer)
2, deezer)
2, deezer)
2, deezer)
2, estadão)
2, estadão)
2, estadão)
2, estadão)
2, estadão)
2, estadão)
2, estadão)
2, estadão)
2, estadão)
3, deezer)
3, deezer)
3, deezer)
3, deezer)
3, deezer)
3, deezer)
3, deezer)
3, deezer)
3, deezer)
3, deezer)
3, deezer)
3, deezer)
3, Sociedade da Mesa
3, Sociedade da Mesa
3, Sociedade da Mesa
3, Sociedade da Mesa
3, Sociedade da Mesa
3, Sociedade da Mesa
3, Sociedade da Mesa
3, Sociedade da Mesa
3, Sociedade da Mesa
3, Sociedade da Mesa
3, Sociedade da Mesa
3, Sociedade da Mesa
3,Netflix
3,Netflix
3,Netflix
3,Amazom prime
3,Amazom prime
3,Amazom prime
3,Spotify
3,Spotify
3,Spotify
3,Wine
3,Wine
3,Wine
4, Amazon
4, Amazon
4, Amazon
4, Amazon
4, Amazon
4, Amazon
4, Amazon
4, Amazon
4, Amazon
4, Amazon
4, Amazon
4, Amazon
4, Amazon
4, Amazon
4, Amazon
4, deezer)
4, deezer)
4, deezer)
4, deezer)
4, deezer)
4, deezer)
4, deezer)
4, deezer)
4, deezer)
4, deezer)
4, deezer)
4, deezer)
4, deezer)
4, deezer)
4, deezer)
4, Sociedade da Mesa
4, Sociedade da Mesa
4, Sociedade da Mesa
4, Sociedade da Mesa
4, Sociedade da Mesa
4, Sociedade da Mesa
4, Sociedade da Mesa
4, Sociedade da Mesa
4, Sociedade da Mesa
4, Sociedade da Mesa
4, Sociedade da Mesa
4, Sociedade da Mesa
4, Sociedade da Mesa
4, Sociedade da Mesa
4, Sociedade da Mesa
5, Amazon
5, Amazon
5, Amazon
5, Amazon
5, Amazon
5, Amazon
5, Amazon
5, Amazon
5, Amazon
5, Amazon
5, Amazon
5, Amazon
5, Amazon
5, Amazon
5, Amazon
5, Amazon
5, deezer)
5, deezer)
5, deezer)
5, deezer)
5, deezer)
5, deezer)
5, deezer)
5, deezer)
5, deezer)
5, deezer)
5, deezer)
5, deezer)
5, deezer)
5, deezer)
5, deezer)
5, deezer)
6, Amazon
6, Amazon
6, Amazon
6, Amazon
6, Amazon
6, Amazon
6, Amazon
6, Amazon
6, Amazon
6, Amazon
6, Amazon
6, Amazon
6, Amazon
6, Amazon
6, Amazon
6, Amazon
6, deezer)
6, deezer)
6, deezer)
6, deezer)
6, deezer)
6, deezer)
6, deezer)
6, deezer)
6, deezer)
6, deezer)
6, deezer)
6, deezer)
6, deezer)
6, deezer)
6, deezer)
6, deezer)
6,Netflix
6,Netflix
6,Netflix
6,Netflix
6,Amazom prime
6,Amazom prime
6,Amazom prime
6,Amazom prime
6,Spotify
6,Spotify
6,Spotify
6,Spotify
6,iCloud
6,iCloud
6,iCloud
6,iCloud
7, Amazon
7, Amazon
7, Amazon
7, Amazon
7, Amazon
7, Amazon
7, Amazon
7, Amazon
7, deezer)
7, deezer)
7, deezer)
7, deezer)
7, deezer)
7, deezer)
7, deezer)
7, deezer)
8, Amazon
8, Amazon
8, Amazon
8, Amazon
8, Amazon
8, Amazon
8, Amazon
8, Amazon
8, Amazon
8, Amazon
8, Amazon
8, Amazon
8, Amazon
8, Amazon
8, Amazon
8, Amazon
8, Amazon
8, Amazon
8, Amazon
8, Amazon
9, Amazon
9, Amazon
9, Amazon
9, Amazon
9, Amazon
9, Amazon
9, Amazon
9, Amazon
9, Amazon
9, Amazon
9, Amazon
9, Amazon
9, Amazon
9, Amazon
9, Amazon
9, Amazon
9, estadão)
9, estadão)
9, estadão)
9, estadão)
9, estadão)
9, estadão)
9, estadão)
9, estadão)
9, estadão)
9, estadão)
9, estadão)
9, estadão)
9, estadão)
9, estadão)
9, estadão)
9, estadão)
10, Amazon
10, Amazon
10, Amazon
10, Amazon
10, Amazon
10, Amazon
10, Amazon
10, Amazon
10, Amazon
10, Amazon
10, Amazon
10, Amazon
10, deezer)
10, deezer)
10, deezer)
10, deezer)
10, deezer)
10, deezer)
10, deezer)
10, deezer)
10, deezer)
10, deezer)
10, deezer)
10, deezer)
11, Amazon
11, Amazon
12, Amazon
12, Amazon
12, Amazon
12, Amazon
12, Amazon
12, Amazon
12, Amazon
12, Amazon
12, Amazon
12, deezer)
12, deezer)
12, deezer)
12, deezer)
12, deezer)
12, deezer)
12, deezer)
12, deezer)
12, deezer)
12, estadão)
12, estadão)
12, estadão)
12, estadão)
12, estadão)
12, estadão)
12, estadão)
12, estadão)
12, estadão)
12,Netflix
12,Netflix
12,Netflix
12,Spotify
12,Spotify
12,Spotify
12,Valor Econômico
12,Valor Econômico
12,Valor Econômico
13, Amazon
13, Amazon
13, Amazon
14,Netflix
15, Amazon
15, Amazon
15, Amazon
15, Amazon
15, Amazon
15, Amazon
15, Amazon
15, Amazon
15, Amazon
15, deezer)
15, deezer)
15, deezer)
15, deezer)
15, deezer)
15, deezer)
15, deezer)
15, deezer)
15, deezer)
15,Netflix
15,Netflix
15,Netflix
15,Spotify
15,Spotify
15,Spotify
15,Car box club
15,Car box club
15,Car box club
16, Amazon
16, Amazon
16, Amazon
16, Amazon
16, Amazon
16, Amazon
16, Amazon
16, Amazon
16, deezer)
16, deezer)
16, deezer)
16, deezer)
16, deezer)
16, deezer)
16, deezer)
16, deezer)
17, deezer)
17, deezer)
17, deezer)
17, deezer)
17, deezer)
17, deezer)
17, deezer)
17, deezer)
17, deezer)
17, deezer)
17, deezer)
17, deezer)
17, Amazon
17, Amazon
17, Amazon
17, Amazon
17, Amazon
17, Amazon
17, Amazon
17, Amazon
17, Amazon
17, Amazon
17, Amazon
17, Amazon
18, Amazon
18, Amazon
18, Amazon
18, Amazon
18, Amazon
18, Amazon
18, Amazon
18, Amazon
18, Amazon
18, Amazon
18, Amazon
18, Amazon
18, Amazon
18, Amazon
18, Amazon
18, Amazon
18, Amazon
18, Amazon
18, Amazon
18, Amazon
18, deezer)
18, deezer)
18, deezer)
18, deezer)
18, deezer)
18, deezer)
18, deezer)
18, deezer)
18, deezer)
18, deezer)
18, deezer)
18, deezer)
18, deezer)
18, deezer)
18, deezer)
18, deezer)
18, deezer)
18, deezer)
18, deezer)
18, deezer)
19,Nenhuma
19,Nenhuma
19,Nenhuma
20, Amazon
20, Amazon
20, Amazon
20, Amazon
20, Amazon
20, Amazon
20, Amazon
20, Amazon
20, Amazon
20, Amazon
20, Amazon
20, Amazon
20, Amazon
20, Amazon
20, Amazon
20, Amazon
20, Amazon
20, Amazon
20, Amazon
20, Amazon
20, Amazon
20, Amazon
20, Amazon
20, Amazon
20, Amazon
20, Amazon
20, Amazon
20, Amazon
20, Amazon
20, Amazon
20, Amazon
20, Amazon
20, Amazon
20, Amazon
20, Amazon
20, Amazon
20, Amazon
20, Amazon
20, Amazon
20, Amazon
20, Amazon
20, Amazon
20, deezer)
20, deezer)
20, deezer)
20, deezer)
20, deezer)
20, deezer)
20, deezer)
20, deezer)
20, deezer)
20, deezer)
20, deezer)
20, deezer)
20, deezer)
20, deezer)
20, deezer)
20, deezer)
20, deezer)
20, deezer)
20, deezer)
20, deezer)
20, deezer)
20, deezer)
20, deezer)
20, deezer)
20, deezer)
20, deezer)
20, deezer)
20, deezer)
20, deezer)
20, deezer)
20, deezer)
20, deezer)
20, deezer)
20, deezer)
20, deezer)
20, deezer)
20, deezer)
20, deezer)
20, deezer)
20, deezer)
20, deezer)
20, deezer)
20, Sociedade da Mesa
20, Sociedade da Mesa
20, Sociedade da Mesa
20, Sociedade da Mesa
20, Sociedade da Mesa
20, Sociedade da Mesa
20, Sociedade da Mesa
20, Sociedade da Mesa
20, Sociedade da Mesa
20, Sociedade da Mesa
20, Sociedade da Mesa
20, Sociedade da Mesa
20, Sociedade da Mesa
20, Sociedade da Mesa
20, Sociedade da Mesa
20, Sociedade da Mesa
20, Sociedade da Mesa
20, Sociedade da Mesa
20, Sociedade da Mesa
20, Sociedade da Mesa
20, Sociedade da Mesa
20, Sociedade da Mesa
20, Sociedade da Mesa
20, Sociedade da Mesa
20, Sociedade da Mesa
20, Sociedade da Mesa
20, Sociedade da Mesa
20, Sociedade da Mesa
20, Sociedade da Mesa
20, Sociedade da Mesa
20, Sociedade da Mesa
20, Sociedade da Mesa
20, Sociedade da Mesa
20, Sociedade da Mesa
20, Sociedade da Mesa
20, Sociedade da Mesa
20, Sociedade da Mesa
20, Sociedade da Mesa
20, Sociedade da Mesa
20, Sociedade da Mesa
20, Sociedade da Mesa
20, Sociedade da Mesa
20, estadão)
20, estadão)
20, estadão)
20, estadão)
20, estadão)
20, estadão)
20, estadão)
20, estadão)
20, estadão)
20, estadão)
20, estadão)
20, estadão)
20, estadão)
20, estadão)
20, estadão)
20, estadão)
20, estadão)
20, estadão)
20, estadão)
20, estadão)
20, estadão)
20, estadão)
20, estadão)
20, estadão)
20, estadão)
20, estadão)
20, estadão)
20, estadão)
20, estadão)
20, estadão)
20, estadão)
20, estadão)
20, estadão)
20, estadão)
20, estadão)
20, estadão)
20, estadão)
20, estadão)
20, estadão)
20, estadão)
20, estadão)
20, estadão)
20,Netflix
20,Netflix
20,Netflix
20,Netflix
20,Netflix
20,Netflix
20,Amazom prime
20,Amazom prime
20,Amazom prime
20,Amazom prime
20,Amazom prime
20,Amazom prime
20,Spotify
20,Spotify
20,Spotify
20,Spotify
20,Spotify
20,Spotify
20,Wine
20,Wine
20,Wine
20,Wine
20,Wine
20,Wine
20,Empório da Cerveja
20,Empório da Cerveja
20,Empório da Cerveja
20,Empório da Cerveja
20,Empório da Cerveja
20,Empório da Cerveja
20,Estadão
20,Estadão
20,Estadão
20,Estadão
20,Estadão
20,Estadão
20,Assinatura de maçãs gourmet e clube do livro
20,Assinatura de maçãs gourmet e clube do livro
20,Assinatura de maçãs gourmet e clube do livro
20,Assinatura de maçãs gourmet e clube do livro
20,Assinatura de maçãs gourmet e clube do livro
20,Assinatura de maçãs gourmet e clube do livro
21, Amazon
21, Amazon
21, Amazon
21, Amazon
21, Amazon
21, Amazon
21, Amazon
21, Amazon
21, Amazon
21, Amazon
21, Amazon
21, Amazon
21, Amazon
21, Amazon
21, Amazon
21, Amazon
21, Amazon
21, Amazon
21, Amazon
21, Amazon
21, deezer)
21, deezer)
21, deezer)
21, deezer)
21, deezer)
21, deezer)
21, deezer)
21, deezer)
21, deezer)
21, deezer)
21, deezer)
21, deezer)
21, deezer)
21, deezer)
21, deezer)
21, deezer)
21, deezer)
21, deezer)
21, deezer)
21, deezer)
22, Amazon
22, Amazon
22, Amazon
22, Amazon
22, Amazon
22, Amazon
22, Amazon
22, Amazon
22, Amazon
22, Amazon
22, Amazon
22, Amazon
22, Amazon
22, Amazon
22, Amazon
22, Amazon
22, deezer)
22, deezer)
22, deezer)
22, deezer)
22, deezer)
22, deezer)
22, deezer)
22, deezer)
22, deezer)
22, deezer)
22, deezer)
22, deezer)
22, deezer)
22, deezer)
22, deezer)
22, deezer)
22,Netflix
22,Netflix
22,Netflix
22,Netflix
22,Amazom prime
22,Amazom prime
22,Amazom prime
22,Amazom prime
22,Spotify
22,Spotify
22,Spotify
22,Spotify
22,iCloud
22,iCloud
22,iCloud
22,iCloud
23, Amazon
23, Amazon
23, Amazon
23, Amazon
23, Amazon
23, Amazon
23, Amazon
23, Amazon
23, Amazon
23, Amazon
23, Amazon
23, Amazon
23, Amazon
23, Amazon
23, Amazon
23, Amazon
23, Amazon
23, Amazon
23, Amazon
23, Amazon
23, deezer)
23, deezer)
23, deezer)
23, deezer)
23, deezer)
23, deezer)
23, deezer)
23, deezer)
23, deezer)
23, deezer)
23, deezer)
23, deezer)
23, deezer)
23, deezer)
23, deezer)
23, deezer)
23, deezer)
23, deezer)
23, deezer)
23, deezer)
24, deezer)
24, deezer)
24, deezer)
24,Spotify
24,Spotify
24,Spotify
25, Amazon
25, Amazon
25, Amazon
25, Amazon
25, Amazon
25, Amazon
25, Amazon
25, Amazon
25, Amazon
25, Amazon
25, Amazon
25, Amazon
25, Amazon
25, Amazon
25, Amazon
25, Amazon
25, Amazon
25, Amazon
25, Amazon
25, Amazon
25, deezer)
25, deezer)
25, deezer)
25, deezer)
25, deezer)
25, deezer)
25, deezer)
25, deezer)
25, deezer)
25, deezer)
25, deezer)
25, deezer)
25, deezer)
25, deezer)
25, deezer)
25, deezer)
25, deezer)
25, deezer)
25, deezer)
25, deezer)
26, Amazon
26, Amazon
26, Amazon
26, Amazon
26, Amazon
26, Amazon
26, deezer)
26, deezer)
26, deezer)
26, deezer)
26, deezer)
26, deezer)
27, Amazon
27, Amazon
27, Amazon
27, Amazon
27, Amazon
27, Amazon
27, Amazon
27, Amazon
27, Amazon
27, Amazon
27, Amazon
27, Amazon
27, Amazon
27, Amazon
27, Amazon
27, Amazon
27,Netflix
27,Netflix
27,Netflix
27,Netflix
27,Amazom prime
27,Amazom prime
27,Amazom prime
27,Amazom prime
27,Disney +
27,Disney +
27,Disney +
27,Disney +
27,PS PLus
27,PS PLus
27,PS PLus
27,PS PLus
28, Amazon
28, Amazon
28, Amazon
28, Amazon
28, Amazon
28, Amazon
28, Amazon
28, Amazon
28, deezer)
28, deezer)
28, deezer)
28, deezer)
28, deezer)
28, deezer)
28, deezer)
28, deezer)
29, Amazon
29, Amazon
29, Amazon
29, Amazon
29, Amazon
29, Amazon
29, Amazon
29, Amazon
29, Amazon
29, Amazon
29, deezer)
29, deezer)
29, deezer)
29, deezer)
29, deezer)
29, deezer)
29, deezer)
29, deezer)
29, deezer)
29, deezer)
30,Netflix
30,Netflix
30,Netflix
30,Netflix
30,Netflix
30,Netflix
30,Amazom prime
30,Amazom prime
30,Amazom prime
30,Amazom prime
30,Amazom prime
30,Amazom prime
30,Disney +
30,Disney +
30,Disney +
30,Disney +
30,Disney +
30,Disney +
30,Paramount +
30,Paramount +
30,Paramount +
30,Paramount +
30,Paramount +
30,Paramount +
30,Spotify
30,Spotify
30,Spotify
30,Spotify
30,Spotify
30,Spotify
30,Deezer
30,Deezer
30,Deezer
30,Deezer
30,Deezer
30,Deezer
30,Wine
30,Wine
30,Wine
30,Wine
30,Wine
30,Wine
30,Sociedade da mesa
30,Sociedade da mesa
30,Sociedade da mesa
30,Sociedade da mesa
30,Sociedade da mesa
30,Sociedade da mesa
30,Empório da Cerveja
30,Empório da Cerveja
30,Empório da Cerveja
30,Empório da Cerveja
30,Empório da Cerveja
30,Empório da Cerveja
30,The Beer Planet
30,The Beer Planet
30,The Beer Planet
30,The Beer Planet
30,The Beer Planet
30,The Beer Planet
30,Cervejabox
30,Cervejabox
30,Cervejabox
30,Cervejabox
30,Cervejabox
30,Cervejabox
30,Coffee Box Club
30,Coffee Box Club
30,Coffee Box Club
30,Coffee Box Club
30,Coffee Box Club
30,Coffee Box Club
30,Beauty box
30,Beauty box
30,Beauty box
30,Beauty box
30,Beauty box
30,Beauty box
30,Glambox
30,Glambox
30,Glambox
30,Glambox
30,Glambox
30,Glambox
30,Veja
30,Veja
30,Veja
30,Veja
30,Veja
30,Veja
30,Petlove
30,Petlove
30,Petlove
30,Petlove
30,Petlove
30,Petlove
30,Box.Petiko
30,Box.Petiko
30,Box.Petiko
30,Box.Petiko
30,Box.Petiko
30,Box.Petiko
30,Brazzers
30,Brazzers
30,Brazzers
30,Brazzers
30,Brazzers
30,Brazzers
30,Netflix
30,Netflix
30,Netflix
30,Netflix
30,Netflix
30,Netflix
30,Amazom prime
30,Amazom prime
30,Amazom prime
30,Amazom prime
30,Amazom prime
30,Amazom prime
30,Disney +
30,Disney +
30,Disney +
30,Disney +
30,Disney +
30,Disney +
30,Paramount +
30,Paramount +
30,Paramount +
30,Paramount +
30,Paramount +
30,Paramount +
30,Spotify
30,Spotify
30,Spotify
30,Spotify
30,Spotify
30,Spotify
30,Deezer
30,Deezer
30,Deezer
30,Deezer
30,Deezer
30,Deezer
30,Wine
30,Wine
30,Wine
30,Wine
30,Wine
30,Wine
30,Sociedade da mesa
30,Sociedade da mesa
30,Sociedade da mesa
30,Sociedade da mesa
30,Sociedade da mesa
30,Sociedade da mesa
30,Empório da Cerveja
30,Empório da Cerveja
30,Empório da Cerveja
30,Empório da Cerveja
30,Empório da Cerveja
30,Empório da Cerveja
30,The Beer Planet
30,The Beer Planet
30,The Beer Planet
30,The Beer Planet
30,The Beer Planet
30,The Beer Planet
30,Cervejabox
30,Cervejabox
30,Cervejabox
30,Cervejabox
30,Cervejabox
30,Cervejabox
30,Coffee Box Club
30,Coffee Box Club
30,Coffee Box Club
30,Coffee Box Club
30,Coffee Box Club
30,Coffee Box Club
30,Beauty box
30,Beauty box
30,Beauty box
30,Beauty box
30,Beauty box
30,Beauty box
30,Glambox
30,Glambox
30,Glambox
30,Glambox
30,Glambox
30,Glambox
30,Veja
30,Veja
30,Veja
30,Veja
30,Veja
30,Veja
30,Petlove
30,Petlove
30,Petlove
30,Petlove
30,Petlove
30,Petlove
30,Box.Petiko
30,Box.Petiko
30,Box.Petiko
30,Box.Petiko
30,Box.Petiko
30,Box.Petiko
30,Brazzers
30,Brazzers
30,Brazzers
30,Brazzers
30,Brazzers
30,Brazzers
30, estadão)
30, estadão)
30, estadão)
30, estadão)
30, estadão)
30, estadão)
30, estadão)
30, estadão)
30, estadão)
30, estadão)
30, estadão)
30, estadão)
30, estadão)
30, estadão)
30, estadão)
30, estadão)
30, estadão)
30, estadão)
30, estadão)
30, estadão)
30, estadão)
30, estadão)
30, estadão)
30, estadão)
30, estadão)
30, estadão)
30, estadão)
30, estadão)
30, estadão)
30, estadão)
30, estadão)
30, estadão)
30, estadão)
30, estadão)
30, estadão)
30, estadão)
30, estadão)
30, estadão)
30, estadão)
30, estadão)
30, estadão)
30, estadão)
30, estadão)
30, estadão)
30, estadão)
30, estadão)
30, estadão)
30, estadão)
30, estadão)
30, estadão)
30, estadão)
30, estadão)
30, estadão)
30, estadão)
30, estadão)
30, estadão)
30, estadão)
30, estadão)
30, estadão)
30, estadão)
30, estadão)
30, estadão)
30, estadão)
30, estadão)
30, estadão)
30, estadão)
30, estadão)
30, estadão)
30, estadão)
30, estadão)
30, estadão)
30, estadão)
30, estadão)
30, estadão)
30, estadão)
30, estadão)
30, estadão)
30, estadão)
30, estadão)
30, estadão)
30, estadão)
30, estadão)
30, estadão)
30, estadão)
30, estadão)
30, estadão)
30, estadão)
30, estadão)
30, estadão)
30, estadão)
30, estadão)
30, estadão)
30, estadão)
30, estadão)
30, estadão)
30, estadão)
30, estadão)
30, estadão)
30, estadão)
30, estadão)
30, estadão)
30, estadão)
30, estadão)
30, estadão)
30, estadão)
30, estadão)
30, estadão)
30, estadão)
30,Netflix
30,Netflix
30,Netflix
30,Netflix
30,Netflix
30,Netflix
30,Amazom prime
30,Amazom prime
30,Amazom prime
30,Amazom prime
30,Amazom prime
30,Amazom prime
30,Disney +
30,Disney +
30,Disney +
30,Disney +
30,Disney +
30,Disney +
30,Paramount +
30,Paramount +
30,Paramount +
30,Paramount +
30,Paramount +
30,Paramount +
30,Spotify
30,Spotify
30,Spotify
30,Spotify
30,Spotify
30,Spotify
30,Deezer
30,Deezer
30,Deezer
30,Deezer
30,Deezer
30,Deezer
30,Wine
30,Wine
30,Wine
30,Wine
30,Wine
30,Wine
30,Sociedade da mesa
30,Sociedade da mesa
30,Sociedade da mesa
30,Sociedade da mesa
30,Sociedade da mesa
30,Sociedade da mesa
30,Empório da Cerveja
30,Empório da Cerveja
30,Empório da Cerveja
30,Empório da Cerveja
30,Empório da Cerveja
30,Empório da Cerveja
30,The Beer Planet
30,The Beer Planet
30,The Beer Planet
30,The Beer Planet
30,The Beer Planet
30,The Beer Planet
30,Cervejabox
30,Cervejabox
30,Cervejabox
30,Cervejabox
30,Cervejabox
30,Cervejabox
30,Coffee Box Club
30,Coffee Box Club
30,Coffee Box Club
30,Coffee Box Club
30,Coffee Box Club
30,Coffee Box Club
30,Beauty box
30,Beauty box
30,Beauty box
30,Beauty box
30,Beauty box
30,Beauty box
30,Glambox
30,Glambox
30,Glambox
30,Glambox
30,Glambox
30,Glambox
30,Veja
30,Veja
30,Veja
30,Veja
30,Veja
30,Veja
30,Petlove
30,Petlove
30,Petlove
30,Petlove
30,Petlove
30,Petlove
30,Box.Petiko
30,Box.Petiko
30,Box.Petiko
30,Box.Petiko
30,Box.Petiko
30,Box.Petiko
30,Brazzers
30,Brazzers
30,Brazzers
30,Brazzers
30,Brazzers
30,Brazzers
30, Sociedade da Mesa
30, Sociedade da Mesa
30, Sociedade da Mesa
30, Sociedade da Mesa
30, Sociedade da Mesa
30, Sociedade da Mesa
30, Sociedade da Mesa
30, Sociedade da Mesa
30, Sociedade da Mesa
30, Sociedade da Mesa
30, Sociedade da Mesa
30, Sociedade da Mesa
30, Sociedade da Mesa
30, Sociedade da Mesa
30, Sociedade da Mesa
30, Sociedade da Mesa
30, Sociedade da Mesa
30, Sociedade da Mesa
30, Sociedade da Mesa
30, Sociedade da Mesa
30, Sociedade da Mesa
30, Sociedade da Mesa
30, Sociedade da Mesa
30, Sociedade da Mesa
30, Sociedade da Mesa
30, Sociedade da Mesa
30, Sociedade da Mesa
30, Sociedade da Mesa
30, Sociedade da Mesa
30, Sociedade da Mesa
30, Sociedade da Mesa
30, Sociedade da Mesa
30, Sociedade da Mesa
30, Sociedade da Mesa
30, Sociedade da Mesa
30, Sociedade da Mesa
30, Sociedade da Mesa
30, Sociedade da Mesa
30, Sociedade da Mesa
30, Sociedade da Mesa
30, Sociedade da Mesa
30, Sociedade da Mesa
30, Sociedade da Mesa
30, Sociedade da Mesa
30, Sociedade da Mesa
30, Sociedade da Mesa
30, Sociedade da Mesa
30, Sociedade da Mesa
30, Sociedade da Mesa
30, Sociedade da Mesa
30, Sociedade da Mesa
30, Sociedade da Mesa
30, Sociedade da Mesa
30, Sociedade da Mesa
30, Sociedade da Mesa
30, Sociedade da Mesa
30, Sociedade da Mesa
30, Sociedade da Mesa
30, Sociedade da Mesa
30, Sociedade da Mesa
30, Sociedade da Mesa
30, Sociedade da Mesa
30, Sociedade da Mesa
30, Sociedade da Mesa
30, Sociedade da Mesa
30, Sociedade da Mesa
30, Sociedade da Mesa
30, Sociedade da Mesa
30, Sociedade da Mesa
30, Sociedade da Mesa
30, Sociedade da Mesa
30, Sociedade da Mesa
30, Sociedade da Mesa
30, Sociedade da Mesa
30, Sociedade da Mesa
30, Sociedade da Mesa
30, Sociedade da Mesa
30, Sociedade da Mesa
30, Sociedade da Mesa
30, Sociedade da Mesa
30, Sociedade da Mesa
30, Sociedade da Mesa
30, Sociedade da Mesa
30, Sociedade da Mesa
30, Sociedade da Mesa
30, Sociedade da Mesa
30, Sociedade da Mesa
30, Sociedade da Mesa
30, Sociedade da Mesa
30, Sociedade da Mesa
30, Sociedade da Mesa
30, Sociedade da Mesa
30, Sociedade da Mesa
30, Sociedade da Mesa
30, Sociedade da Mesa
30, Sociedade da Mesa
30, Sociedade da Mesa
30, Sociedade da Mesa
30, Sociedade da Mesa
30, Sociedade da Mesa
30, Sociedade da Mesa
30, Sociedade da Mesa
30, Sociedade da Mesa
30, Sociedade da Mesa
30, Sociedade da Mesa
30, Sociedade da Mesa
30, Sociedade da Mesa
30, Sociedade da Mesa
30, deezer)
30, deezer)
30, deezer)
30, deezer)
30, deezer)
30, deezer)
30, deezer)
30, deezer)
30, deezer)
30, deezer)
30, deezer)
30, deezer)
30, deezer)
30, deezer)
30, deezer)
30, deezer)
30, deezer)
30, deezer)
30, deezer)
30, deezer)
30, deezer)
30, deezer)
30, deezer)
30, deezer)
30, deezer)
30, deezer)
30, deezer)
30, deezer)
30, deezer)
30, deezer)
30, deezer)
30, deezer)
30, deezer)
30, deezer)
30, deezer)
30, deezer)
30, deezer)
30, deezer)
30, deezer)
30, deezer)
30, deezer)
30, deezer)
30, deezer)
30, deezer)
30, deezer)
30, deezer)
30, deezer)
30, deezer)
30, deezer)
30, deezer)
30, deezer)
30, deezer)
30, deezer)
30, deezer)
30, deezer)
30, deezer)
30, deezer)
30, deezer)
30, deezer)
30, deezer)
30, deezer)
30, deezer)
30, deezer)
30, deezer)
30, deezer)
30, deezer)
30, deezer)
30, deezer)
30, deezer)
30, deezer)
30, deezer)
30, deezer)
30, deezer)
30, deezer)
30, deezer)
30, deezer)
30, deezer)
30, deezer)
30, deezer)
30, deezer)
30, deezer)
30, deezer)
30, deezer)
30, deezer)
30, deezer)
30, deezer)
30, deezer)
30, deezer)
30, deezer)
30, deezer)
30, deezer)
30, deezer)
30, deezer)
30, deezer)
30, deezer)
30, deezer)
30, deezer)
30, deezer)
30, deezer)
30, deezer)
30, deezer)
30, deezer)
30, deezer)
30, deezer)
30, deezer)
30, deezer)
30, deezer)
30, deezer)
30, Amazon
30, Amazon
30, Amazon
30, Amazon
30, Amazon
30, Amazon
30, Amazon
30, Amazon
30, Amazon
30, Amazon
30, Amazon
30, Amazon
30, Amazon
30, Amazon
30, Amazon
30, Amazon
30, Amazon
30, Amazon
30, Amazon
30, Amazon
30, Amazon
30, Amazon
30, Amazon
30, Amazon
30, Amazon
30, Amazon
30, Amazon
30, Amazon
30, Amazon
30, Amazon
30, Amazon
30, Amazon
30, Amazon
30, Amazon
30, Amazon
30, Amazon
30, Amazon
30, Amazon
30, Amazon
30, Amazon
30, Amazon
30, Amazon
30, Amazon
30, Amazon
30, Amazon
30, Amazon
30, Amazon
30, Amazon
30, Amazon
30, Amazon
30, Amazon
30, Amazon
30, Amazon
30, Amazon
30, Amazon
30, Amazon
30, Amazon
30, Amazon
30, Amazon
30, Amazon
30, Amazon
30, Amazon
30, Amazon
30, Amazon
30, Amazon
30, Amazon
30, Amazon
30, Amazon
30, Amazon
30, Amazon
30, Amazon
30, Amazon
30, Amazon
30, Amazon
30, Amazon
30, Amazon
30, Amazon
30, Amazon
30, Amazon
30, Amazon
30, Amazon
30, Amazon
30, Amazon
30, Amazon
30, Amazon
30, Amazon
30, Amazon
30, Amazon
30, Amazon
30, Amazon
30, Amazon
30, Amazon
30, Amazon
30, Amazon
30, Amazon
30, Amazon
30, Amazon
30, Amazon
30, Amazon
30, Amazon
30, Amazon
30, Amazon
30, Amazon
30, Amazon
30, Amazon
30, Amazon
30, Amazon
30, Amazon
31, deezer)
31, deezer)
31, deezer)
31, deezer)
31, deezer)
31, deezer)
31, deezer)
31, deezer)
31, deezer)
31, deezer)
31, deezer)
31, deezer)
31, Amazon
31, Amazon
31, Amazon
31, Amazon
31, Amazon
31, Amazon
31, Amazon
31, Amazon
31, Amazon
31, Amazon
31, Amazon
31, Amazon
32, Amazon
32, Amazon
32, Amazon
32, Amazon
32, Amazon
32, Amazon
32, Amazon
32, Amazon
32, Amazon
32, Amazon
32, Amazon
32, Amazon
32, Amazon
32, Amazon
32, Amazon
32, Amazon
32, Amazon
32, Amazon
32, Amazon
32, Amazon
32, deezer)
32, deezer)
32, deezer)
32, deezer)
32, deezer)
32, deezer)
32, deezer)
32, deezer)
32, deezer)
32, deezer)
32, deezer)
32, deezer)
32, deezer)
32, deezer)
32, deezer)
32, deezer)
32, deezer)
32, deezer)
32, deezer)
32, deezer)
32, Sociedade da Mesa
32, Sociedade da Mesa
32, Sociedade da Mesa
32, Sociedade da Mesa
32, Sociedade da Mesa
32, Sociedade da Mesa
32, Sociedade da Mesa
32, Sociedade da Mesa
32, Sociedade da Mesa
32, Sociedade da Mesa
32, Sociedade da Mesa
32, Sociedade da Mesa
32, Sociedade da Mesa
32, Sociedade da Mesa
32, Sociedade da Mesa
32, Sociedade da Mesa
32, Sociedade da Mesa
32, Sociedade da Mesa
32, Sociedade da Mesa
32, Sociedade da Mesa
33, Amazon
33, Amazon
33, Amazon
33, Amazon
33, Amazon
33, Amazon
33, Amazon
33, Amazon
33, Amazon
33, Amazon
33, Amazon
33, Amazon
33, deezer)
33, deezer)
33, deezer)
33, deezer)
33, deezer)
33, deezer)
33, deezer)
33, deezer)
33, deezer)
33, deezer)
33, deezer)
33, deezer)
34, Amazon
34, Amazon
34, Amazon
34, Amazon
34, Amazon
34, Amazon
34, Amazon
34, Amazon
34, Amazon
34, Amazon
34, Amazon
34, Amazon
34, deezer)
34, deezer)
34, deezer)
34, deezer)
34, deezer)
34, deezer)
34, deezer)
34, deezer)
34, deezer)
34, deezer)
34, deezer)
34, deezer)
35, Amazon
35, Amazon
35, Amazon
35, Amazon
35, Amazon
35, Amazon
35, Amazon
35, Amazon
35, Amazon
35, Amazon
35, Amazon
35, Amazon
35, Amazon
35, Amazon
35, Amazon
35, deezer)
35, deezer)
35, deezer)
35, deezer)
35, deezer)
35, deezer)
35, deezer)
35, deezer)
35, deezer)
35, deezer)
35, deezer)
35, deezer)
35, deezer)
35, deezer)
35, deezer)
36, Amazon
36, Amazon
36, Amazon
36, Amazon
36, Amazon
36, Amazon
36, Amazon
36, Amazon
36, deezer)
36, deezer)
36, deezer)
36, deezer)
36, deezer)
36, deezer)
36, deezer)
36, deezer)
37, Amazon
37, Amazon
37, Amazon
37, Amazon
37, Amazon
37, Amazon
37, Amazon
37, Amazon
37, Amazon
37, Amazon
37, Amazon
37, Amazon
37, Amazon
37, Amazon
37, Amazon
37, Amazon
37, Amazon
37, Amazon
37, Amazon
37, Amazon
37, Amazon
37, Amazon
37, Amazon
37, Amazon
37, Amazon
37, deezer)
37, deezer)
37, deezer)
37, deezer)
37, deezer)
37, deezer)
37, deezer)
37, deezer)
37, deezer)
37, deezer)
37, deezer)
37, deezer)
37, deezer)
37, deezer)
37, deezer)
37, deezer)
37, deezer)
37, deezer)
37, deezer)
37, deezer)
37, deezer)
37, deezer)
37, deezer)
37, deezer)
37, deezer)
37,Netflix
37,Netflix
37,Netflix
37,Netflix
37,Netflix
37,Amazom prime
37,Amazom prime
37,Amazom prime
37,Amazom prime
37,Amazom prime
37,Disney +
37,Disney +
37,Disney +
37,Disney +
37,Disney +
37,Spotify
37,Spotify
37,Spotify
37,Spotify
37,Spotify
37,Empiricus
37,Empiricus
37,Empiricus
37,Empiricus
37,Empiricus
38, Amazon
38, Amazon
38, Amazon
38, Amazon
38, Amazon
38, Amazon
38, Amazon
38, Amazon
38, Amazon
38, Amazon
38, Amazon
38, Amazon
38, Amazon
38, Amazon
38, Amazon
38, Amazon
38, Amazon
38, Amazon
38, Amazon
38, Amazon
38, deezer)
38, deezer)
38, deezer)
38, deezer)
38, deezer)
38, deezer)
38, deezer)
38, deezer)
38, deezer)
38, deezer)
38, deezer)
38, deezer)
38, deezer)
38, deezer)
38, deezer)
38, deezer)
38, deezer)
38, deezer)
38, deezer)
38, deezer)
39, Amazon
39, Amazon
39, deezer)
39, deezer)
40, Amazon
40, Amazon
40, Amazon
40, Amazon
40, Amazon
40, Amazon
40, Amazon
40, Amazon
40, Amazon
40, deezer)
40, deezer)
40, deezer)
40, deezer)
40, deezer)
40, deezer)
40, deezer)
40, deezer)
40, deezer)
41, Amazon
41, Amazon
41, Amazon
41, Amazon
41, Amazon
41, Amazon
41, Amazon
41, Amazon
41, Amazon
41, Amazon
41, Amazon
41, Amazon
41, deezer)
41, deezer)
41, deezer)
41, deezer)
41, deezer)
41, deezer)
41, deezer)
41, deezer)
41, deezer)
41, deezer)
41, deezer)
41, deezer)
42, Amazon
42, Amazon
42, Amazon
42, Amazon
42, Amazon
42, Amazon
42, Amazon
42, Amazon
42, Amazon
42, Amazon
42, Amazon
42, Amazon
42, Amazon
42, Amazon
42, Amazon
42, Amazon
42, Amazon
42, Amazon
42, deezer)
42, deezer)
42, deezer)
42, deezer)
42, deezer)
42, deezer)
42, deezer)
42, deezer)
42, deezer)
42, deezer)
42, deezer)
42, deezer)
42, deezer)
42, deezer)
42, deezer)
42, deezer)
42, deezer)
42, deezer)
43, Amazon
43, Amazon
43, Amazon
43, Amazon
43, Amazon
43, Amazon
43, Amazon
43, Amazon
43, Amazon
43, Amazon
43, Amazon
43, Amazon
43, Amazon
43, Amazon
43, Amazon
43, Amazon
43, deezer)
43, deezer)
43, deezer)
43, deezer)
43, deezer)
43, deezer)
43, deezer)
43, deezer)
43, deezer)
43, deezer)
43, deezer)
43, deezer)
43, deezer)
43, deezer)
43, deezer)
43, deezer)
44, Amazon
44, Amazon
44, Amazon
44, Amazon
44, Amazon
44, Amazon
44, Amazon
44, Amazon
44, Amazon
44, Amazon
44, Amazon
44, Amazon
44, Amazon
44, Amazon
44, Amazon
44, Amazon
44, Amazon
44, Amazon
44, Amazon
44, Amazon
44, deezer)
44, deezer)
44, deezer)
44, deezer)
44, deezer)
44, deezer)
44, deezer)
44, deezer)
44, deezer)
44, deezer)
44, deezer)
44, deezer)
44, deezer)
44, deezer)
44, deezer)
44, deezer)
44, deezer)
44, deezer)
44, deezer)
44, deezer)
45, Amazon
45, Amazon
45, Amazon
45, Amazon
45, Amazon
45, Amazon
45, Amazon
45, Amazon
45, deezer)
45, deezer)
45, deezer)
45, deezer)
45, deezer)
45, deezer)
45, deezer)
45, deezer)
46, Amazon
46, Amazon
46, Amazon
46, Amazon
46, Amazon
46, Amazon
46, Amazon
46, Amazon
46, Amazon
46, Amazon
46, Amazon
46, Amazon
46, Amazon
46, Amazon
46, Amazon
46, Amazon
46, Amazon
46, Amazon
46, Amazon
46, Amazon
46, deezer)
46, deezer)
46, deezer)
46, deezer)
46, deezer)
46, deezer)
46, deezer)
46, deezer)
46, deezer)
46, deezer)
46, deezer)
46, deezer)
46, deezer)
46, deezer)
46, deezer)
46, deezer)
46, deezer)
46, deezer)
46, deezer)
46, deezer)
46,Netflix
46,Netflix
46,Netflix
46,Netflix
46,Netflix
46,Amazom prime
46,Amazom prime
46,Amazom prime
46,Amazom prime
46,Amazom prime
46,Disney +
46,Disney +
46,Disney +
46,Disney +
46,Disney +
46,Petlove
46,Petlove
46,Petlove
46,Petlove
46,Petlove
47, deezer)
47, deezer)
47, deezer)
47, deezer)
47, deezer)
47, deezer)
47, deezer)
47, deezer)
47, deezer)
47, deezer)
47, deezer)
47, deezer)
47, deezer)
47, deezer)
47, deezer)
47, deezer)
47, deezer)
47, deezer)
47, deezer)
47, deezer)
47, Amazon
47, Amazon
47, Amazon
47, Amazon
47, Amazon
47, Amazon
47, Amazon
47, Amazon
47, Amazon
47, Amazon
47, Amazon
47, Amazon
47, Amazon
47, Amazon
47, Amazon
47, Amazon
47, Amazon
47, Amazon
47, Amazon
47, Amazon
48, Amazon
48, Amazon
48, Amazon
48, Amazon
48, Amazon
48, Amazon
49, Amazon
49, Amazon
49, Amazon
49, Amazon
49, Amazon
49, Amazon
49, Amazon
49, Amazon
49, Amazon
49, deezer)
49, deezer)
49, deezer)
49, deezer)
49, deezer)
49, deezer)
49, deezer)
49, deezer)
49, deezer)
50, Amazon
50, Amazon
50, Amazon
50, deezer)
50, deezer)
50, deezer)
51, Amazon
51, Amazon
51, Amazon
51, Amazon
51, Amazon
51, Amazon
51, Amazon
51, Amazon
51, Amazon
51, Amazon
51, Amazon
51, Amazon
51, Amazon
51, Amazon
51, Amazon
51, Amazon
51, Amazon
51, Amazon
51, Amazon
51, Amazon
51, Amazon
51, Amazon
51, Amazon
51, Amazon
51, Amazon
51, Amazon
51, Amazon
51, Amazon
51, deezer)
51, deezer)
51, deezer)
51, deezer)
51, deezer)
51, deezer)
51, deezer)
51, deezer)
51, deezer)
51, deezer)
51, deezer)
51, deezer)
51, deezer)
51, deezer)
51, deezer)
51, deezer)
51, deezer)
51, deezer)
51, deezer)
51, deezer)
51, deezer)
51, deezer)
51, deezer)
51, deezer)
51, deezer)
51, deezer)
51, deezer)
51, deezer)
51,Netflix
51,Netflix
51,Netflix
51,Netflix
51,Amazom prime
51,Amazom prime
51,Amazom prime
51,Amazom prime
51,Disney +
51,Disney +
51,Disney +
51,Disney +
51,Spotify
51,Spotify
51,Spotify
51,Spotify
51,Beauty box
51,Beauty box
51,Beauty box
51,Beauty box
51,Petlove
51,Petlove
51,Petlove
51,Petlove
51,Youtube
51,Youtube
51,Youtube
51,Youtube
51,Netflix
51,Netflix
51,Netflix
51,Netflix
51,Amazom prime
51,Amazom prime
51,Amazom prime
51,Amazom prime
51,Disney +
51,Disney +
51,Disney +
51,Disney +
51,Spotify
51,Spotify
51,Spotify
51,Spotify
51,Beauty box
51,Beauty box
51,Beauty box
51,Beauty box
51,Petlove
51,Petlove
51,Petlove
51,Petlove
51,Youtube
51,Youtube
51,Youtube
51,Youtube
52, Amazon
52, Amazon
52, Amazon
52, Amazon
52, Amazon
52, Amazon
52, Amazon
52, Amazon
52, Amazon
52, Amazon
52, Amazon
52, Amazon
52, Amazon
52, Amazon
52, Amazon
52, Amazon
52, Amazon
52, Amazon
52, Amazon
52, Amazon
52, Amazon
52, Amazon
52, Amazon
52, Amazon
52, deezer)
52, deezer)
52, deezer)
52, deezer)
52, deezer)
52, deezer)
52, deezer)
52, deezer)
52, deezer)
52, deezer)
52, deezer)
52, deezer)
52, deezer)
52, deezer)
52, deezer)
52, deezer)
52, deezer)
52, deezer)
52, deezer)
52, deezer)
52, deezer)
52, deezer)
52, deezer)
52, deezer)
53, Amazon
53, Amazon
53, Amazon
53, deezer)
53, deezer)
53, deezer)
53, Sociedade da Mesa
53, Sociedade da Mesa
53, Sociedade da Mesa
54, Amazon
54, Amazon
54, Amazon
54, Amazon
54, Amazon
54, Amazon
54, Amazon
54, Amazon
54, Amazon
54, Amazon
54, Amazon
54, Amazon
54, deezer)
54, deezer)
54, deezer)
54, deezer)
54, deezer)
54, deezer)
54, deezer)
54, deezer)
54, deezer)
54, deezer)
54, deezer)
54, deezer)
54,Netflix
54,Netflix
54,Netflix
54,Amazom prime
54,Amazom prime
54,Amazom prime
54,Spotify
54,Spotify
54,Spotify
54,Cobasi
54,Cobasi
54,Cobasi
55, deezer)
55, deezer)
55, deezer)
56, Amazon
56, Amazon
56, Amazon
56, Amazon
56, Amazon
56, Amazon
56, Amazon
56, Amazon
56, Amazon
56, Amazon
56, Amazon
56, Amazon
56, Amazon
56, Amazon
56, Amazon
56, Amazon
56, deezer)
56, deezer)
56, deezer)
56, deezer)
56, deezer)
56, deezer)
56, deezer)
56, deezer)
56, deezer)
56, deezer)
56, deezer)
56, deezer)
56, deezer)
56, deezer)
56, deezer)
56, deezer)
57, Amazon
57, Amazon
57, deezer)
57, deezer)
58, Amazon
58, Amazon
58, Amazon
58, Amazon
58, Amazon
58, Amazon
58, Amazon
58, Amazon
58, Amazon
58, Amazon
58, Amazon
58, Amazon
58, Amazon
58, Amazon
58, Amazon
58, deezer)
58, deezer)
58, deezer)
58, deezer)
58, deezer)
58, deezer)
58, deezer)
58, deezer)
58, deezer)
58, deezer)
58, deezer)
58, deezer)
58, deezer)
58, deezer)
58, deezer)
59, Amazon
59, Amazon
59, Amazon
59, Amazon
59, Amazon
59, Amazon
59, Amazon
59, Amazon
59, Amazon
59, Amazon
59, Amazon
59, Amazon
59, Amazon
59, Amazon
59, Amazon
59, Amazon
59, deezer)
59, deezer)
59, deezer)
59, deezer)
59, deezer)
59, deezer)
59, deezer)
59, deezer)
59, deezer)
59, deezer)
59, deezer)
59, deezer)
59, deezer)
59, deezer)
59, deezer)
59, deezer)
60, Amazon
60, Amazon
60, Amazon
60, Amazon
60, Amazon
60, Amazon
60, Amazon
60, Amazon
60, Amazon
60, Amazon
60, Amazon
60, Amazon
60, deezer)
60, deezer)
60, deezer)
60, deezer)
60, deezer)
60, deezer)
60, deezer)
60, deezer)
60, deezer)
60, deezer)
60, deezer)
60, deezer)
61, Amazon
61, Amazon
61, Amazon
61, Amazon
61, Amazon
61, Amazon
61, Amazon
61, Amazon
61, Amazon
61, Amazon
61, Amazon
61, Amazon
61, Amazon
61, Amazon
61, Amazon
61, deezer)
61, deezer)
61, deezer)
61, deezer)
61, deezer)
61, deezer)
61, deezer)
61, deezer)
61, deezer)
61, deezer)
61, deezer)
61, deezer)
61, deezer)
61, deezer)
61, deezer)
61, estadão)
61, estadão)
61, estadão)
61, estadão)
61, estadão)
61, estadão)
61, estadão)
61, estadão)
61, estadão)
61, estadão)
61, estadão)
61, estadão)
61, estadão)
61, estadão)
61, estadão)
62, Amazon
62, Amazon
62, Amazon
62, deezer)
62, deezer)
62, deezer)
62, Sociedade da Mesa
62, Sociedade da Mesa
62, Sociedade da Mesa
63, Amazon
63, Amazon
63, Amazon
63, Amazon
63, Amazon
63, Amazon
63, Amazon
63, Amazon
63, deezer)
63, deezer)
63, deezer)
63, deezer)
63, deezer)
63, deezer)
63, deezer)
63, deezer)
64, Amazon
64, Amazon
64, Amazon
64, Amazon
64, Amazon
64, Amazon
64, Amazon
64, Amazon
64, Amazon
64, Amazon
64, Amazon
64, Amazon
65, Amazon
65, Amazon
65, Amazon
65, Amazon
65, Amazon
65, Amazon
65, Amazon
65, Amazon
65, Amazon
65, deezer)
65, deezer)
65, deezer)
65, deezer)
65, deezer)
65, deezer)
65, deezer)
65, deezer)
65, deezer)
66, Amazon
66, Amazon
66, Amazon
66, Amazon
66, Amazon
66, Amazon
66, Amazon
66, Amazon
66, Amazon
66, Amazon
66, Amazon
66, Amazon
66, Sociedade da Mesa
66, Sociedade da Mesa
66, Sociedade da Mesa
66, Sociedade da Mesa
66, Sociedade da Mesa
66, Sociedade da Mesa
66, Sociedade da Mesa
66, Sociedade da Mesa
66, Sociedade da Mesa
66, Sociedade da Mesa
66, Sociedade da Mesa
66, Sociedade da Mesa
67, Amazon
68, Amazon
68, Amazon
69, Amazon
69, Amazon
69, Amazon
69, Amazon
69, Amazon
69, Amazon
69, Amazon
69, Amazon
69, Amazon
69, Amazon
70, Amazon
70, Amazon
70, Amazon
70, deezer)
70, deezer)
70, deezer)
71, Amazon
71, Amazon
71, Amazon
71, Amazon
72, Amazon
72, Amazon
73, Amazon
73, Amazon
73, Amazon
73, Amazon
73, Amazon
73, Amazon
73, Amazon
73, Amazon
73, Amazon
73, Amazon
73, Amazon
73, Amazon
73, Amazon
73, Amazon
73, Amazon
73, Amazon
73, Amazon
73, Amazon
73, Amazon
73, Amazon
73, Amazon
73, Amazon
73, Amazon
73, Amazon
73, Amazon
73, Amazon
73, Amazon
73, Amazon
73, Amazon
73, Amazon
73, deezer)
73, deezer)
73, deezer)
73, deezer)
73, deezer)
73, deezer)
73, deezer)
73, deezer)
73, deezer)
73, deezer)
73, deezer)
73, deezer)
73, deezer)
73, deezer)
73, deezer)
73, deezer)
73, deezer)
73, deezer)
73, deezer)
73, deezer)
73, deezer)
73, deezer)
73, deezer)
73, deezer)
73, deezer)
73, deezer)
73, deezer)
73, deezer)
73, deezer)
73, deezer)
73, estadão)
73, estadão)
73, estadão)
73, estadão)
73, estadão)
73, estadão)
73, estadão)
73, estadão)
73, estadão)
73, estadão)
73, estadão)
73, estadão)
73, estadão)
73, estadão)
73, estadão)
73, estadão)
73, estadão)
73, estadão)
73, estadão)
73, estadão)
73, estadão)
73, estadão)
73, estadão)
73, estadão)
73, estadão)
73, estadão)
73, estadão)
73, estadão)
73, estadão)
73, estadão)
74, Amazon
75, Amazon
75, Amazon
75, Amazon
75, Amazon
75, Amazon
75, Amazon
75, Amazon
75, Amazon
75, Amazon
75, Amazon
75, Amazon
75, Amazon
75, deezer)
75, deezer)
75, deezer)
75, deezer)
75, deezer)
75, deezer)
75, deezer)
75, deezer)
75, deezer)
75, deezer)
75, deezer)
75, deezer)
76, Amazon
76, Amazon
76, Amazon
76, Amazon
76, Amazon
76, Amazon
76, Amazon
76, Amazon
76, Amazon
77, Amazon
77, Amazon
78, Amazon
78, Amazon
78, Amazon
78, Amazon
78, Amazon
78, Amazon
79, Amazon
79, Amazon
79, Amazon
79, Amazon
79, Amazon
79, Amazon
79, Amazon
79, Amazon
79, Amazon
79, Amazon
79, Amazon
79, Amazon
79, Amazon
79, Amazon
79, Amazon
79, deezer)
79, deezer)
79, deezer)
79, deezer)
79, deezer)
79, deezer)
79, deezer)
79, deezer)
79, deezer)
79, deezer)
79, deezer)
79, deezer)
79, deezer)
79, deezer)
79, deezer)
79, estadão)
79, estadão)
79, estadão)
79, estadão)
79, estadão)
79, estadão)
79, estadão)
79, estadão)
79, estadão)
79, estadão)
79, estadão)
79, estadão)
79, estadão)
79, estadão)
79, estadão)
79, Office360
79, Office360
79, Office360
79, Office360
79, Office360
79, Office360
79, Office360
79, Office360
79, Office360
79, Office360
79, Office360
79, Office360
79, Office360
79, Office360
79, Office360
80, Amazon
80, Amazon
80, Amazon
80, Amazon
80, Amazon
80, Amazon
80, Amazon
80, Amazon
80, Amazon
80, Amazon
80, Amazon
80, Amazon
80, Amazon
80, Amazon
80, Amazon
80, Amazon
80, Amazon
80, Amazon
80, Amazon
80, Amazon
80, deezer)
80, deezer)
80, deezer)
80, deezer)
80, deezer)
80, deezer)
80, deezer)
80, deezer)
80, deezer)
80, deezer)
80, deezer)
80, deezer)
80, deezer)
80, deezer)
80, deezer)
80, deezer)
80, deezer)
80, deezer)
80, deezer)
80, deezer)
81, Amazon
81, Amazon
81, Amazon
81, Amazon
81, Amazon
81, Amazon
81, Amazon
81, Amazon
81, Amazon
81, Amazon
81, Amazon
81, Amazon
81, Amazon
81, Amazon
81, Amazon
81, Amazon
81, Amazon
81, Amazon
81, Amazon
81, Amazon
81, Amazon
81, Amazon
81, Amazon
81, Amazon
81, deezer)
81, deezer)
81, deezer)
81, deezer)
81, deezer)
81, deezer)
81, deezer)
81, deezer)
81, deezer)
81, deezer)
81, deezer)
81, deezer)
81, deezer)
81, deezer)
81, deezer)
81, deezer)
81, deezer)
81, deezer)
81, deezer)
81, deezer)
81, deezer)
81, deezer)
81, deezer)
81, deezer)
82, deezer)
82, deezer)
82, deezer)
82,Spotify
82,Spotify
82,Spotify
83, Amazon
83, Amazon
83, Amazon
83, Amazon
83, Amazon
83, Amazon
83, estadão)
83, estadão)
83, estadão)
83, estadão)
83, estadão)
83, estadão)
84, Amazon
84, Amazon
84, Amazon
84, Amazon
84, deezer)
84, deezer)
84, deezer)
84, deezer)
85, Amazon
85, Amazon
85, Amazon
85, Amazon
85, Amazon
85, Amazon
85, Amazon
85, Amazon
85, Amazon
85, Amazon
85, Amazon
85, Amazon
85, deezer)
85, deezer)
85, deezer)
85, deezer)
85, deezer)
85, deezer)
85, deezer)
85, deezer)
85, deezer)
85, deezer)
85, deezer)
85, deezer)
86, Amazon
86, Amazon
86, Amazon
86, Amazon
86, Amazon
86, Amazon
86, Amazon
86, Amazon
86, Amazon
86, Amazon
86, Amazon
86, Amazon
86, Amazon
86, Amazon
86, Amazon
86, Amazon
86, Amazon
86, Amazon
86, Amazon
86, Amazon
86, Sociedade da Mesa
86, Sociedade da Mesa
86, Sociedade da Mesa
86, Sociedade da Mesa
86, Sociedade da Mesa
86, Sociedade da Mesa
86, Sociedade da Mesa
86, Sociedade da Mesa
86, Sociedade da Mesa
86, Sociedade da Mesa
86, Sociedade da Mesa
86, Sociedade da Mesa
86, Sociedade da Mesa
86, Sociedade da Mesa
86, Sociedade da Mesa
86, Sociedade da Mesa
86, Sociedade da Mesa
86, Sociedade da Mesa
86, Sociedade da Mesa
86, Sociedade da Mesa
86,Netflix
86,Netflix
86,Netflix
86,Netflix
86,Amazom prime
86,Amazom prime
86,Amazom prime
86,Amazom prime
86,Spotify
86,Spotify
86,Spotify
86,Spotify
86,Wine
86,Wine
86,Wine
86,Wine
86,Empório da Cerveja
86,Empório da Cerveja
86,Empório da Cerveja
86,Empório da Cerveja
87, Amazon
87, Amazon
87, Amazon
87, Amazon
87, Amazon
87, Amazon
87, Amazon
87, Amazon
87, Amazon
87, deezer)
87, deezer)
87, deezer)
87, deezer)
87, deezer)
87, deezer)
87, deezer)
87, deezer)
87, deezer)
88, deezer)
88, deezer)
88, deezer)
88, deezer)
88, deezer)
88, deezer)
88, deezer)
88, deezer)
88, deezer)
88, deezer)
88, deezer)
88, deezer)
88, Amazon
88, Amazon
88, Amazon
88, Amazon
88, Amazon
88, Amazon
88, Amazon
88, Amazon
88, Amazon
88, Amazon
88, Amazon
88, Amazon
89, Amazon
89, Amazon
89, Amazon
89, Amazon
89, Amazon
89, Amazon
90, Amazon
90, Amazon
90, Amazon
90, Amazon
90, Amazon
90, Amazon
90, Amazon
90, Amazon
90, Amazon
90, Amazon
90, Amazon
90, Amazon
90, Amazon
90, Amazon
90, Amazon
90, Amazon
90, Amazon
90, Amazon
90, Amazon
90, Amazon
90, deezer)
90, deezer)
90, deezer)
90, deezer)
90, deezer)
90, deezer)
90, deezer)
90, deezer)
90, deezer)
90, deezer)
90, deezer)
90, deezer)
90, deezer)
90, deezer)
90, deezer)
90, deezer)
90, deezer)
90, deezer)
90, deezer)
90, deezer)
90, Sociedade da Mesa
90, Sociedade da Mesa
90, Sociedade da Mesa
90, Sociedade da Mesa
90, Sociedade da Mesa
90, Sociedade da Mesa
90, Sociedade da Mesa
90, Sociedade da Mesa
90, Sociedade da Mesa
90, Sociedade da Mesa
90, Sociedade da Mesa
90, Sociedade da Mesa
90, Sociedade da Mesa
90, Sociedade da Mesa
90, Sociedade da Mesa
90, Sociedade da Mesa
90, Sociedade da Mesa
90, Sociedade da Mesa
90, Sociedade da Mesa
90, Sociedade da Mesa
90,Netflix
90,Netflix
90,Netflix
90,Netflix
90,Netflix
90,Spotify
90,Spotify
90,Spotify
90,Spotify
90,Spotify
90,Wine
90,Wine
90,Wine
90,Wine
90,Wine
90,Veja
90,Veja
90,Veja
90,Veja
90,Veja
90, estadão)
90, estadão)
90, estadão)
90, estadão)
90, estadão)
90, estadão)
90, estadão)
90, estadão)
90, estadão)
90, estadão)
90, estadão)
90, estadão)
90, estadão)
90, estadão)
90, estadão)
90, estadão)
90, estadão)
90, estadão)
90, estadão)
90, estadão)
91, Amazon
91, Amazon
91, Amazon
91, Amazon
91, Amazon
91, Amazon
91, Amazon
91, Amazon
91, Amazon
91, Amazon
91, Amazon
91, Amazon
91, Amazon
91, Amazon
91, Amazon
91, deezer)
91, deezer)
91, deezer)
91, deezer)
91, deezer)
91, deezer)
91, deezer)
91, deezer)
91, deezer)
91, deezer)
91, deezer)
91, deezer)
91, deezer)
91, deezer)
91, deezer)
91, Sociedade da Mesa
91, Sociedade da Mesa
91, Sociedade da Mesa
91, Sociedade da Mesa
91, Sociedade da Mesa
91, Sociedade da Mesa
91, Sociedade da Mesa
91, Sociedade da Mesa
91, Sociedade da Mesa
91, Sociedade da Mesa
91, Sociedade da Mesa
91, Sociedade da Mesa
91, Sociedade da Mesa
91, Sociedade da Mesa
91, Sociedade da Mesa
91,Netflix
91,Netflix
91,Netflix
91,Netflix
91,Netflix
91,Spotify
91,Spotify
91,Spotify
91,Spotify
91,Spotify
91,Petz
91,Petz
91,Petz
91,Petz
91,Petz
92, Amazon
92, Amazon
92, Amazon
92, Amazon
92, Amazon
92, Amazon
92, Amazon
92, Amazon
92, Amazon
92, Amazon
92, Amazon
92, Amazon
92, deezer)
92, deezer)
92, deezer)
92, deezer)
92, deezer)
92, deezer)
92, deezer)
92, deezer)
92, deezer)
92, deezer)
92, deezer)
92, deezer)
92, Sociedade da Mesa
92, Sociedade da Mesa
92, Sociedade da Mesa
92, Sociedade da Mesa
92, Sociedade da Mesa
92, Sociedade da Mesa
92, Sociedade da Mesa
92, Sociedade da Mesa
92, Sociedade da Mesa
92, Sociedade da Mesa
92, Sociedade da Mesa
92, Sociedade da Mesa
92,Netflix
92,Netflix
92,Netflix
92,Spotify
92,Spotify
92,Spotify
92,Wine
92,Wine
92,Wine
92,Uol
92,Uol
92,Uol
93, Avast
93, Avast
93, Avast
93, Avast
93, Avast
93, Avast
93, Avast
93, Avast
93, Avast
93, Avast
93, Avast
93, Avast
93, Avast
93, Avast
93, Avast
93, Avast
93, Avast
93, Avast
93, Avast
93, Avast
93, Avast
93, Avast
93, Avast
93, Avast
93, Avast
93, deezer)
93, deezer)
93, deezer)
93, deezer)
93, deezer)
93, deezer)
93, deezer)
93, deezer)
93, deezer)
93, deezer)
93, deezer)
93, deezer)
93, deezer)
93, deezer)
93, deezer)
93, deezer)
93, deezer)
93, deezer)
93, deezer)
93, deezer)
93, deezer)
93, deezer)
93, deezer)
93, deezer)
93, deezer)
93, Amazon
93, Amazon
93, Amazon
93, Amazon
93, Amazon
93, Amazon
93, Amazon
93, Amazon
93, Amazon
93, Amazon
93, Amazon
93, Amazon
93, Amazon
93, Amazon
93, Amazon
93, Amazon
93, Amazon
93, Amazon
93, Amazon
93, Amazon
93, Amazon
93, Amazon
93, Amazon
93, Amazon
93, Amazon
94, Amazon
94, Amazon
94, Amazon
94, Amazon
94, Amazon
94, Amazon
94, Amazon
94, Amazon
94, Amazon
94, deezer)
94, deezer)
94, deezer)
94, deezer)
94, deezer)
94, deezer)
94, deezer)
94, deezer)
94, deezer)
95, Amazon
95, Amazon
95, Amazon
95, Amazon
95, Amazon
95, Amazon
95, Amazon
95, Amazon
95, deezer)
95, deezer)
95, deezer)
95, deezer)
95, deezer)
95, deezer)
95, deezer)
95, deezer)
96, Amazon
96, Amazon
96, Amazon
96, deezer)
96, deezer)
96, deezer)
96, Sociedade da Mesa
96, Sociedade da Mesa
96, Sociedade da Mesa
97, Amazon
97, Amazon
97, Amazon
97, Amazon
97, Amazon
97, Amazon
97, Amazon
97, Amazon
98, Amazon
98, Amazon
98, Amazon
98, Amazon
98, Amazon
98, Amazon
98, Amazon
98, Amazon
98, Amazon
98, Amazon
98, Amazon
98, Amazon
98, Amazon
98, Amazon
98, Amazon
98, Amazon
98, Amazon
98, Amazon
98, Amazon
98, Amazon
98, Sociedade da Mesa
98, Sociedade da Mesa
98, Sociedade da Mesa
98, Sociedade da Mesa
98, Sociedade da Mesa
98, Sociedade da Mesa
98, Sociedade da Mesa
98, Sociedade da Mesa
98, Sociedade da Mesa
98, Sociedade da Mesa
98, Sociedade da Mesa
98, Sociedade da Mesa
98, Sociedade da Mesa
98, Sociedade da Mesa
98, Sociedade da Mesa
98, Sociedade da Mesa
98, Sociedade da Mesa
98, Sociedade da Mesa
98, Sociedade da Mesa
98, Sociedade da Mesa
98,Netflix
98,Netflix
98,Netflix
98,Netflix
98,Netflix
98,Amazom prime
98,Amazom prime
98,Amazom prime
98,Amazom prime
98,Amazom prime
98,Wine
98,Wine
98,Wine
98,Wine
98,Wine
98,Kinvo
98,Kinvo
98,Kinvo
98,Kinvo
98,Kinvo
99, Amazon
99, Amazon
100, Amazon
100, Amazon
100, Amazon
100, Amazon
100, Amazon
100, Amazon
100, Amazon
100, Amazon
100, Amazon
100, Amazon
100, Amazon
100, Amazon
100, deezer)
100, deezer)
100, deezer)
100, deezer)
100, deezer)
100, deezer)
100, deezer)
100, deezer)
100, deezer)
100, deezer)
100, deezer)
100, deezer)
101, Amazon
101, Amazon
101, Amazon
101, Amazon
101, Amazon
101, Amazon
101, Amazon
101, Amazon
101, Amazon
101, Amazon
101, Amazon
101, Amazon
101, Amazon
101, Amazon
101, Amazon
101, Amazon
101, Amazon
101, Amazon
101, Amazon
101, Amazon
101, Amazon
101, Amazon
101, Amazon
101, Amazon
101, Amazon
101, Amazon
101, Amazon
101, Amazon
101, deezer)
101, deezer)
101, deezer)
101, deezer)
101, deezer)
101, deezer)
101, deezer)
101, deezer)
101, deezer)
101, deezer)
101, deezer)
101, deezer)
101, deezer)
101, deezer)
101, deezer)
101, deezer)
101, deezer)
101, deezer)
101, deezer)
101, deezer)
101, deezer)
101, deezer)
101, deezer)
101, deezer)
101, deezer)
101, deezer)
101, deezer)
101, deezer)
102, Amazon
102, Amazon
102, Amazon
102, Amazon
102, Amazon
102, Amazon
102, Amazon
102, Amazon
102, Amazon
102, Amazon
102, Amazon
102, Amazon
102, Amazon
102, Amazon
102, Amazon
102, deezer)
102, deezer)
102, deezer)
102, deezer)
102, deezer)
102, deezer)
102, deezer)
102, deezer)
102, deezer)
102, deezer)
102, deezer)
102, deezer)
102, deezer)
102, deezer)
102, deezer)
103, Amazon
103, Amazon
103, Amazon
103, Amazon
103, Amazon
103, Amazon
103, Amazon
103, Amazon
103, Amazon
103, Amazon
103, Amazon
103, Amazon
103, Amazon
103, Amazon
103, Amazon
103, Amazon
103, Amazon
103, Amazon
103, Amazon
103, Amazon
103, Amazon
103, Amazon
103, Amazon
103, Amazon
103, deezer)
103, deezer)
103, deezer)
103, deezer)
103, deezer)
103, deezer)
103, deezer)
103, deezer)
103, deezer)
103, deezer)
103, deezer)
103, deezer)
103, deezer)
103, deezer)
103, deezer)
103, deezer)
103, deezer)
103, deezer)
103, deezer)
103, deezer)
103, deezer)
103, deezer)
103, deezer)
103, deezer)
104, Amazon
104, Amazon
104, Amazon
104, Amazon
104, Amazon
104, Amazon
104, Amazon
104, Amazon
104, Amazon
104, Amazon
104, Amazon
104, Amazon
104, Amazon
104, Amazon
104, Amazon
104, Amazon
104, Amazon
104, Amazon
104, Amazon
104, Amazon
104, Amazon
104, Amazon
104, Amazon
104, Amazon
104, deezer)
104, deezer)
104, deezer)
104, deezer)
104, deezer)
104, deezer)
104, deezer)
104, deezer)
104, deezer)
104, deezer)
104, deezer)
104, deezer)
104, deezer)
104, deezer)
104, deezer)
104, deezer)
104, deezer)
104, deezer)
104, deezer)
104, deezer)
104, deezer)
104, deezer)
104, deezer)
104, deezer)
105, Amazon
105, Amazon
105, Amazon
105, Amazon
105, Amazon
105, Amazon
105, Amazon
105, Amazon
105, Amazon
105, Amazon
105, Amazon
105, Amazon
105, deezer)
105, deezer)
105, deezer)
105, deezer)
105, deezer)
105, deezer)
105, deezer)
105, deezer)
105, deezer)
105, deezer)
105, deezer)
105, deezer)
106, Amazon
106, Amazon
106, Amazon
106, Amazon
106, Amazon
106, Amazon
106, deezer)
106, deezer)
106, deezer)
106, deezer)
106, deezer)
106, deezer)
107, Amazon
107, Amazon
107, Amazon
107, Amazon
107, Amazon
107, Amazon
107, Amazon
107, Amazon
107, deezer)
107, deezer)
107, deezer)
107, deezer)
107, deezer)
107, deezer)
107, deezer)
107, deezer)
108, Amazon
109, Amazon
109, Amazon
109, Amazon
109, Amazon
109, Amazon
109, Amazon
109, Amazon
109, Amazon
109, Amazon
109, Amazon
109, Amazon
109, Amazon
109, Amazon
109, Amazon
109, Amazon
109, Amazon
109, Amazon
109, Amazon
109, Amazon
109, Amazon
109, Amazon
109, Amazon
109, Amazon
109, Amazon
109, Amazon
109, Amazon
109, Amazon
109, Amazon
109, Amazon
109, Amazon
109, Amazon
109, Amazon
109, Amazon
109, Amazon
109, Amazon
109, Amazon
109, deezer)
109, deezer)
109, deezer)
109, deezer)
109, deezer)
109, deezer)
109, deezer)
109, deezer)
109, deezer)
109, deezer)
109, deezer)
109, deezer)
109, deezer)
109, deezer)
109, deezer)
109, deezer)
109, deezer)
109, deezer)
109, deezer)
109, deezer)
109, deezer)
109, deezer)
109, deezer)
109, deezer)
109, deezer)
109, deezer)
109, deezer)
109, deezer)
109, deezer)
109, deezer)
109, deezer)
109, deezer)
109, deezer)
109, deezer)
109, deezer)
109, deezer)
109,Netflix
109,Netflix
109,Netflix
109,Netflix
109,Netflix
109,Netflix
109,Amazom prime
109,Amazom prime
109,Amazom prime
109,Amazom prime
109,Amazom prime
109,Amazom prime
109,Disney +
109,Disney +
109,Disney +
109,Disney +
109,Disney +
109,Disney +
109,Deezer
109,Deezer
109,Deezer
109,Deezer
109,Deezer
109,Deezer
109,Glambox
109,Glambox
109,Glambox
109,Glambox
109,Glambox
109,Glambox
109,Uaubox
109,Uaubox
109,Uaubox
109,Uaubox
109,Uaubox
109,Uaubox
110, deezer)
110, deezer)
110, deezer)
110, deezer)
110, deezer)
110, deezer)
110, deezer)
110, deezer)
110, deezer)
110, deezer)
110, deezer)
110, deezer)
110, deezer)
110, deezer)
110, deezer)
110, deezer)
110, deezer)
110, deezer)
110, deezer)
110, deezer)
110, Amazon
110, Amazon
110, Amazon
110, Amazon
110, Amazon
110, Amazon
110, Amazon
110, Amazon
110, Amazon
110, Amazon
110, Amazon
110, Amazon
110, Amazon
110, Amazon
110, Amazon
110, Amazon
110, Amazon
110, Amazon
110, Amazon
110, Amazon
111, Amazon
111, Amazon
111, Amazon
111, Amazon
111, Amazon
111, Amazon
111, deezer)
111, deezer)
111, deezer)
111, deezer)
111, deezer)
111, deezer)
112, Amazon
112, Amazon
112, Amazon
112, Amazon
112, Amazon
112, Amazon
112, deezer)
112, deezer)
112, deezer)
112, deezer)
112, deezer)
112, deezer)
113, Amazon
113, Amazon
113, Amazon
113, Amazon
113, deezer)
113, deezer)
113, deezer)
113, deezer)
114, Amazon
114, Amazon
114, Amazon
114, Amazon
114, Amazon
114, Amazon
114, Amazon
114, Amazon
114, Amazon
114, Amazon
114, Amazon
114, Amazon
114, deezer)
114, deezer)
114, deezer)
114, deezer)
114, deezer)
114, deezer)
114, deezer)
114, deezer)
114, deezer)
114, deezer)
114, deezer)
114, deezer)
115, Amazon
115, Amazon
115, Amazon
115, Amazon
115, Amazon
115, Amazon
115, Amazon
115, Amazon
115, Amazon
115, Amazon
115, Amazon
115, Amazon
115, Amazon
115, Amazon
115, Amazon
115, Amazon
115, Amazon
115, Amazon
115, Amazon
115, Amazon
115, Amazon
115, Amazon
115, Amazon
115, Amazon
115, Amazon
115, Amazon
115, Amazon
115, Amazon
115, Amazon
115, Amazon
115, deezer)
115, deezer)
115, deezer)
115, deezer)
115, deezer)
115, deezer)
115, deezer)
115, deezer)
115, deezer)
115, deezer)
115, deezer)
115, deezer)
115, deezer)
115, deezer)
115, deezer)
115, deezer)
115, deezer)
115, deezer)
115, deezer)
115, deezer)
115, deezer)
115, deezer)
115, deezer)
115, deezer)
115, deezer)
115, deezer)
115, deezer)
115, deezer)
115, deezer)
115, deezer)
115, Sociedade da Mesa
115, Sociedade da Mesa
115, Sociedade da Mesa
115, Sociedade da Mesa
115, Sociedade da Mesa
115, Sociedade da Mesa
115, Sociedade da Mesa
115, Sociedade da Mesa
115, Sociedade da Mesa
115, Sociedade da Mesa
115, Sociedade da Mesa
115, Sociedade da Mesa
115, Sociedade da Mesa
115, Sociedade da Mesa
115, Sociedade da Mesa
115, Sociedade da Mesa
115, Sociedade da Mesa
115, Sociedade da Mesa
115, Sociedade da Mesa
115, Sociedade da Mesa
115, Sociedade da Mesa
115, Sociedade da Mesa
115, Sociedade da Mesa
115, Sociedade da Mesa
115, Sociedade da Mesa
115, Sociedade da Mesa
115, Sociedade da Mesa
115, Sociedade da Mesa
115, Sociedade da Mesa
115, Sociedade da Mesa
116, Amazon
116, Amazon
116, Amazon
116, Amazon
116, Amazon
116, Amazon
116, deezer)
116, deezer)
116, deezer)
116, deezer)
116, deezer)
116, deezer)
117, deezer)
117, deezer)
117, deezer)
117, deezer)
117, deezer)
117, deezer)
117, deezer)
117, deezer)
117, deezer)
117, deezer)
117, deezer)
117, deezer)
117, deezer)
117, deezer)
117, deezer)
117, Amazon
117, Amazon
117, Amazon
117, Amazon
117, Amazon
117, Amazon
117, Amazon
117, Amazon
117, Amazon
117, Amazon
117, Amazon
117, Amazon
117, Amazon
117, Amazon
117, Amazon
118, Amazon
118, Amazon
118, Amazon
118, Amazon
118, Amazon
118, Amazon
118, Amazon
118, Amazon
118, Amazon
119, Amazon
119, Amazon
119, Amazon
119, Amazon
119, Amazon
119, Amazon
119, Amazon
119, Amazon
119, Amazon
119, deezer)
119, deezer)
119, deezer)
119, deezer)
119, deezer)
119, deezer)
119, deezer)
119, deezer)
119, deezer)
120, deezer)
120, deezer)
120, deezer)
120, deezer)
120, deezer)
120, deezer)
121, Amazon
121, Amazon
121, Amazon
121, Amazon
121, Amazon
121, Amazon
121, Amazon
121, Amazon
121, Amazon
121, Amazon
121, Amazon
121, Amazon
121, Amazon
121, Amazon
121, Amazon
121, deezer)
121, deezer)
121, deezer)
121, deezer)
121, deezer)
121, deezer)
121, deezer)
121, deezer)
121, deezer)
121, deezer)
121, deezer)
121, deezer)
121, deezer)
121, deezer)
121, deezer)
122, Amazon
122, Amazon
122, Amazon
122, Amazon
122, Amazon
122, Amazon
122, Amazon
122, Amazon
122, Amazon
122, Amazon
122, Amazon
122, Amazon
122, deezer)
122, deezer)
122, deezer)
122, deezer)
122, deezer)
122, deezer)
122, deezer)
122, deezer)
122, deezer)
122, deezer)
122, deezer)
122, deezer)
123, Amazon
123, Amazon
123, Amazon
123, Amazon
123, Amazon
123, Amazon
123, Amazon
123, Amazon
123, Amazon
123, Amazon
123, Amazon
123, Amazon
123, Amazon
123, Amazon
123, Amazon
123, deezer)
123, deezer)
123, deezer)
123, deezer)
123, deezer)
123, deezer)
123, deezer)
123, deezer)
123, deezer)
123, deezer)
123, deezer)
123, deezer)
123, deezer)
123, deezer)
123, deezer)
124, Amazon
124, Amazon
124, Amazon
124, Amazon
124, Amazon
124, Amazon
124, Amazon
124, Amazon
125, Amazon
125, Amazon
125, Amazon
125, deezer)
125, deezer)
125, deezer)
126, Amazon
127, Amazon
127, Amazon
127, Amazon
127, Amazon
127, Amazon
127, Amazon
127, deezer)
127, deezer)
127, deezer)
127, deezer)
127, deezer)
127, deezer)
128, Amazon
128, Amazon
128, Amazon
128, Amazon
128, Amazon
128, Amazon
128, Amazon
128, Amazon
128, Amazon
128, Amazon
128, Amazon
128, Amazon
128, deezer)
128, deezer)
128, deezer)
128, deezer)
128, deezer)
128, deezer)
128, deezer)
128, deezer)
128, deezer)
128, deezer)
128, deezer)
128, deezer)
129, Amazon
129, Amazon
129, deezer)
129, deezer)
130, Amazon
130, Amazon
130, Amazon
130, Amazon
130, Amazon
130, Amazon
130, Amazon
130, Amazon
130, Amazon
130, Amazon
130, Amazon
130, Amazon
131, Amazon
131, Amazon
131, Amazon
131, Amazon
131, Amazon
131, Amazon
132, Amazon
132, Amazon
132, Amazon
132, Amazon
132, Amazon
132, Amazon
132, Amazon
132, Amazon
132, Amazon
132, Amazon
132, Amazon
132, Amazon
132, Amazon
132, Amazon
132, Amazon
132, Amazon
132, Amazon
132, Amazon
132, Amazon
132, Amazon
132, deezer)
132, deezer)
132, deezer)
132, deezer)
132, deezer)
132, deezer)
132, deezer)
132, deezer)
132, deezer)
132, deezer)
132, deezer)
132, deezer)
132, deezer)
132, deezer)
132, deezer)
132, deezer)
132, deezer)
132, deezer)
132, deezer)
132, deezer)
132, Sociedade da Mesa
132, Sociedade da Mesa
132, Sociedade da Mesa
132, Sociedade da Mesa
132, Sociedade da Mesa
132, Sociedade da Mesa
132, Sociedade da Mesa
132, Sociedade da Mesa
132, Sociedade da Mesa
132, Sociedade da Mesa
132, Sociedade da Mesa
132, Sociedade da Mesa
132, Sociedade da Mesa
132, Sociedade da Mesa
132, Sociedade da Mesa
132, Sociedade da Mesa
132, Sociedade da Mesa
132, Sociedade da Mesa
132, Sociedade da Mesa
132, Sociedade da Mesa
133, Amazon
133, Amazon
133, Amazon
133, Amazon
133, Amazon
133, Amazon
133, Amazon
133, Amazon
133, Amazon
133, Amazon
134, Amazon
134, Amazon
134, Amazon
134, Amazon
134, Amazon
134, Amazon
134, Amazon
134, Amazon
134, Amazon
134, Sociedade da Mesa
134, Sociedade da Mesa
134, Sociedade da Mesa
134, Sociedade da Mesa
134, Sociedade da Mesa
134, Sociedade da Mesa
134, Sociedade da Mesa
134, Sociedade da Mesa
134, Sociedade da Mesa
135, Amazon
136, Amazon
136, Amazon
137, Amazon
137, Amazon
137, Amazon
137, deezer)
137, deezer)
137, deezer)
137, Sociedade da Mesa
137, Sociedade da Mesa
137, Sociedade da Mesa
138, Amazon
138, Amazon
138, Amazon
138, Amazon
138, Amazon
138, Amazon
138, Amazon
138, Amazon
138, Amazon
138, deezer)
138, deezer)
138, deezer)
138, deezer)
138, deezer)
138, deezer)
138, deezer)
138, deezer)
138, deezer)
139, Amazon
139, Amazon
139, Amazon
139, Amazon
139, Amazon
139, Amazon
139, Amazon
139, Amazon
139, Amazon
139, deezer)
139, deezer)
139, deezer)
139, deezer)
139, deezer)
139, deezer)
139, deezer)
139, deezer)
139, deezer)
140, Amazon
140, Amazon
140, Amazon
140, Amazon
140, Amazon
140, Amazon
140, deezer)
140, deezer)
140, deezer)
140, deezer)
140, deezer)
140, deezer)
140,Netflix
140,Netflix
140,Amazom prime
140,Amazom prime
140,Spotify
140,Spotify
141, Amazon
142, Amazon
142, Amazon
142, Amazon
142, Amazon
142, Amazon
142, Amazon
142, Amazon
142, Amazon
142, Amazon
142, deezer)
142, deezer)
142, deezer)
142, deezer)
142, deezer)
142, deezer)
142, deezer)
142, deezer)
142, deezer)
143, Amazon
143, Amazon
143, Amazon
143, Amazon
143, Amazon
143, Amazon
143, Amazon
143, Amazon
143, deezer)
143, deezer)
143, deezer)
143, deezer)
143, deezer)
143, deezer)
143, deezer)
143, deezer)
144, Amazon
144, Amazon
144, Amazon
144, deezer)
144, deezer)
144, deezer)
145, Amazon
145, Amazon
145, Amazon
145, Amazon
145, Amazon
145, Amazon
145, Amazon
145, Amazon
145, Amazon
145, Amazon
145, Amazon
145, Amazon
145, Amazon
145, Amazon
145, Amazon
145, Amazon
145, Amazon
145, Amazon
145, Amazon
145, Amazon
145, deezer)
145, deezer)
145, deezer)
145, deezer)
145, deezer)
145, deezer)
145, deezer)
145, deezer)
145, deezer)
145, deezer)
145, deezer)
145, deezer)
145, deezer)
145, deezer)
145, deezer)
145, deezer)
145, deezer)
145, deezer)
145, deezer)
145, deezer)
146, Amazon
146, Amazon
146, Amazon
146, Amazon
146, Amazon
146, Amazon
146, Amazon
146, Amazon
146, Amazon
146, Amazon
146, Amazon
146, Amazon
146, Amazon
146, Amazon
146, Amazon
146, Amazon
146, Amazon
146, Amazon
147, Amazon
147, Amazon
147, Amazon
147, Amazon
147, Amazon
147, Amazon
147, Amazon
147, Amazon
147, Amazon
147, deezer)
147, deezer)
147, deezer)
147, deezer)
147, deezer)
147, deezer)
147, deezer)
147, deezer)
147, deezer)
148, Amazon
149, Amazon
150, Amazon
151, Amazon
152, Amazon
152, Amazon
152, Amazon
152, Amazon
152, Amazon
152, Amazon
152, Amazon
152, Amazon
152, Amazon
152, Amazon
152, Amazon
152, Amazon
152, Amazon
152, Amazon
152, Amazon
152, Amazon
152, Amazon
152, Amazon
152, Amazon
152, Amazon
152, deezer)
152, deezer)
152, deezer)
152, deezer)
152, deezer)
152, deezer)
152, deezer)
152, deezer)
152, deezer)
152, deezer)
152, deezer)
152, deezer)
152, deezer)
152, deezer)
152, deezer)
152, deezer)
152, deezer)
152, deezer)
152, deezer)
152, deezer)
153, Amazon
153, Amazon
153, Amazon
153, Amazon
153, Amazon
153, Amazon
153, Amazon
153, Amazon
153, Amazon
153, Amazon
153, Amazon
153, Amazon
154, Amazon
154, Amazon
154, Amazon
154, deezer)
154, deezer)
154, deezer)
155, Amazon
155, Amazon
155, Amazon
155, Amazon
155, Amazon
155, Amazon
155, Amazon
155, Amazon
155, Amazon
155, Amazon
155, Amazon
155, Amazon
155, Amazon
155, Amazon
155, Amazon
155, Amazon
155, Amazon
155, Amazon
155, Amazon
155, Amazon
155, deezer)
155, deezer)
155, deezer)
155, deezer)
155, deezer)
155, deezer)
155, deezer)
155, deezer)
155, deezer)
155, deezer)
155, deezer)
155, deezer)
155, deezer)
155, deezer)
155, deezer)
155, deezer)
155, deezer)
155, deezer)
155, deezer)
155, deezer)
155,Netflix
155,Netflix
155,Netflix
155,Netflix
155,Netflix
155,Amazom prime
155,Amazom prime
155,Amazom prime
155,Amazom prime
155,Amazom prime
155,Disney +
155,Disney +
155,Disney +
155,Disney +
155,Disney +
155,Petlove
155,Petlove
155,Petlove
155,Petlove
155,Petlove
156, Amazon
156, Amazon
156, Amazon
156, deezer)
156, deezer)
156, deezer)
